time,C1W,C2W,D1W,D2W,L1W,L2W,sv
2022-11-20 08:00:30,24671383.62,24671392.32,3475.735,2708.365,129649018.491,101025217.257,G16
2022-11-20 08:01:00,24651557.52,24651565.64,3469.927,2703.839,129544834.147,100944034.796,G16
2022-11-20 08:01:30,24631765.76,24631773.34,3463.528,2698.853,129440831.002,100862993.517,G16
2022-11-20 08:02:00,24612010.38,24612016.54,3457.313,2694.01,129337012.574,100782096.133,G16
2022-11-20 08:02:30,24592290.24,24592298.64,3451.02,2689.107,129233382.239,100701345.307,G16
2022-11-20 08:03:00,24572606.42,24572614.3,3444.633,2684.13,129129943.206,100620743.522,G16
2022-11-20 08:03:30,24552959.38,24552966.4,3438.208,2679.123,129026699.379,100540293.769,G16
2022-11-20 08:04:00,24533350.56,24533357.74,3431.167,2673.637,128923653.938,100459998.593,G16
2022-11-20 08:04:30,24513779.04,24513788.8,3424.745,2668.633,128820810.316,100379860.71,G16
2022-11-20 08:05:00,24494246.8,24494256.14,3417.593,2663.059,128718171.89,100299882.65,G16
2022-11-20 08:05:30,24474756.06,24474763.76,3410.864,2657.816,128615742.3,100220067.326,G16
2022-11-20 08:06:00,24455305.84,24455313.54,3403.886,2652.379,128513525.22,100140417.565,G16
2022-11-20 08:06:30,24435894.04,24435901.5,3396.186,2646.378,128411523.899,100060935.936,G16
2022-11-20 08:07:00,24416526.9,24416534.54,3388.974,2640.759,128309741.411,99981624.858,G16
2022-11-20 08:07:30,24397201.18,24397209.32,3381.593,2635.008,128208181.697,99902487.344,G16
2022-11-20 08:08:00,24377918.0,24377926.38,3373.88,2628.998,128106848.362,99823526.228,G16
2022-11-20 08:08:30,24358677.44,24358684.94,3366.222,2623.03,128005744.556,99744744.02,G16
2022-11-20 08:09:00,24339483.2,24339490.66,3358.229,2616.802,127904873.914,99666143.542,G16
2022-11-20 08:09:30,24320333.58,24320341.74,3350.357,2610.668,127804239.856,99587727.395,G16
2022-11-20 08:10:00,24301226.88,24301236.58,3342.219,2604.326,127703845.938,99509498.367,G16
2022-11-20 08:10:30,24282170.68,24282179.44,3334.492,2598.305,127603695.382,99431459.051,G16
2022-11-20 08:11:00,24263160.26,24263168.58,3325.957,2591.654,127503791.89,99353612.25,G16
2022-11-20 08:11:30,24244196.26,24244204.88,3317.435,2585.014,127404138.918,99275960.637,G16
2022-11-20 08:12:00,24225280.6,24225289.86,3309.151,2578.559,127304739.581,99198506.72,G16
2022-11-20 08:12:30,24206414.36,24206423.26,3300.437,2571.769,127205597.8,99121253.506,G16
2022-11-20 08:13:00,24187598.76,24187606.02,3291.852,2565.08,127106716.751,99044203.477,G16
2022-11-20 08:13:30,24168833.0,24168840.12,3282.662,2557.918,127008100.03,98967359.414,G16
2022-11-20 08:14:00,24150116.94,24150125.98,3273.819,2551.028,126909751.098,98890723.952,G16
2022-11-20 08:14:30,24131452.4,24131461.4,3264.68,2543.907,126811673.171,98814299.701,G16
2022-11-20 08:15:00,24112840.62,24112850.06,3255.595,2536.827,126713869.809,98738089.332,G16
2022-11-20 08:15:30,24094282.1,24094289.9,3246.093,2529.424,126616344.958,98662095.996,G16
2022-11-20 08:16:00,24075778.6,24075785.8,3236.607,2522.032,126519101.489,98586321.857,G16
2022-11-20 08:16:30,24057328.82,24057336.42,3227.224,2514.72,126422142.918,98510769.702,G16
2022-11-20 08:17:00,24038931.68,24038940.94,3217.309,2506.994,126325473.112,98435442.551,G16
2022-11-20 08:17:30,24020592.52,24020599.6,3207.734,2499.533,126229095.078,98360342.777,G16
2022-11-20 08:18:00,24002307.6,24002316.46,3197.796,2491.789,126133012.475,98285473.207,G16
2022-11-20 08:18:30,23984080.58,23984089.12,3187.699,2483.922,126037228.864,98210836.669,G16
2022-11-20 08:19:00,23965911.46,23965919.58,3177.656,2476.096,125941747.558,98136435.743,G16
2022-11-20 08:19:30,23947800.72,23947808.6,3167.421,2468.12,125846572.391,98062273.441,G16
2022-11-20 08:20:00,23929747.9,23929754.92,3156.929,2459.945,125751706.618,97988352.274,G16
2022-11-20 08:20:30,23911755.46,23911763.36,3146.373,2451.719,125657153.448,97914674.735,G16
2022-11-20 08:21:00,23893821.8,23893830.02,3135.89,2443.55,125562916.457,97841243.632,G16
2022-11-20 08:21:30,23875950.44,23875956.5,3125.269,2435.275,125468999.349,97768061.776,G16
2022-11-20 08:22:00,23858139.28,23858146.66,3114.416,2426.818,125375405.126,97695131.467,G16
2022-11-20 08:22:30,23840390.78,23840398.78,3103.418,2418.248,125282137.316,97622455.52,G16
2022-11-20 08:23:00,23822704.82,23822712.9,3092.41,2409.67,125189199.124,97550036.407,G16
2022-11-20 08:23:30,23805083.06,23805090.56,3081.158,2400.902,125096594.287,97477877.037,G16
2022-11-20 08:24:00,23787525.2,23787531.42,3069.916,2392.143,125004326.214,97405980.071,G16
2022-11-20 08:24:30,23770030.48,23770037.52,3058.615,2383.336,124912398.284,97334348.151,G16
2022-11-20 08:25:00,23752602.34,23752609.96,3047.051,2374.325,124820813.896,97262983.877,G16
2022-11-20 08:25:30,23735240.64,23735248.28,3035.39,2365.239,124729576.264,97191889.846,G16
2022-11-20 08:26:00,23717945.42,23717952.32,3023.555,2356.017,124638688.902,97121068.726,G16
2022-11-20 08:26:30,23700717.42,23700725.4,3011.766,2346.831,124548155.351,97050523.306,G16
2022-11-20 08:27:00,23683557.66,23683564.74,2999.98,2337.647,124457978.934,96980256.198,G16
2022-11-20 08:27:30,23666465.64,23666471.6,2987.873,2328.212,124368162.929,96910269.899,G16
2022-11-20 08:28:00,23649442.48,23649450.66,2975.525,2318.591,124278710.751,96840567.065,G16
2022-11-20 08:28:30,23632490.6,23632497.72,2963.306,2309.07,124189625.74,96771150.32,G16
2022-11-20 08:29:00,23615609.28,23615615.54,2950.925,2299.422,124100911.392,96702022.37,G16
2022-11-20 08:29:30,23598799.04,23598805.18,2938.547,2289.777,124012571.072,96633185.849,G16
2022-11-20 08:30:00,23582058.64,23582066.32,2925.71,2279.774,123924607.974,96564643.204,G16
2022-11-20 08:30:30,23565393.78,23565400.36,2913.039,2269.901,123837025.435,96496397.071,G16
2022-11-20 08:31:00,23548800.12,23548806.88,2900.29,2259.966,123749826.805,96428450.106,G16
2022-11-20 08:31:30,23532280.94,23532286.6,2887.198,2249.765,123663015.774,96360805.099,G16
2022-11-20 08:32:00,23515835.9,23515842.54,2874.15,2239.597,123576595.431,96293464.586,G16
2022-11-20 08:32:30,23499464.42,23499471.08,2860.911,2229.281,123490568.918,96226430.94,G16
2022-11-20 08:33:00,23483170.12,23483176.12,2847.522,2218.849,123404939.97,96159707.111,G16
2022-11-20 08:33:30,23466952.04,23466958.9,2834.195,2208.464,123319711.661,96093295.53,G16
2022-11-20 08:34:00,23450810.74,23450817.32,2820.693,2197.943,123234887.291,96027198.739,G16
2022-11-20 08:34:30,23434745.96,23434752.8,2806.914,2187.206,123150470.248,95961419.338,G16
2022-11-20 08:35:00,23418760.5,23418766.38,2793.265,2176.57,123066463.68,95895959.838,G16
2022-11-20 08:35:30,23402852.46,23402859.52,2779.429,2165.789,122982870.937,95830822.824,G16
2022-11-20 08:36:00,23387024.7,23387031.36,2765.368,2154.832,122899695.229,95766010.758,G16
2022-11-20 08:36:30,23371276.08,23371282.88,2751.463,2143.997,122816939.995,95701526.356,G16
2022-11-20 08:37:00,23355608.32,23355616.64,2737.275,2132.942,122734608.001,95637371.724,G16
2022-11-20 08:37:30,23340022.44,23340030.4,2722.96,2121.787,122652702.818,95573549.696,G16
2022-11-20 08:38:00,23324518.24,23324525.12,2708.642,2110.63,122571227.713,95510062.779,G16
2022-11-20 08:38:30,23309096.44,23309103.48,2694.103,2099.301,122490185.872,95446913.473,G16
2022-11-20 08:39:00,23293758.56,23293764.64,2679.656,2088.044,122409580.547,95384104.304,G16
2022-11-20 08:39:30,23278502.86,23278508.68,2664.822,2076.485,122329414.805,95321637.63,G16
2022-11-20 08:40:00,23263331.76,23263338.26,2650.025,2064.954,122249691.668,95259515.85,G16
2022-11-20 08:40:30,23248246.58,23248251.9,2635.078,2053.308,122170414.379,95197741.456,G16
2022-11-20 08:41:00,23233245.46,23233251.68,2620.068,2041.611,122091586.356,95136317.152,G16
2022-11-20 08:41:30,23218331.44,23218336.7,2604.91,2029.8,122013210.544,95075245.177,G16
2022-11-20 08:42:00,23203503.36,23203508.78,2589.575,2017.851,121935290.043,95014527.972,G16
2022-11-20 08:42:30,23188762.34,23188768.82,2574.281,2005.933,121857828.15,94954168.121,G16
2022-11-20 08:43:00,23174109.54,23174116.24,2559.074,1994.083,121780827.857,94894167.936,G16
2022-11-20 08:43:30,23159546.1,23159552.28,2543.571,1982.003,121704292.296,94834529.833,G16
2022-11-20 08:44:00,23145070.26,23145077.16,2527.799,1969.714,121628224.576,94775256.286,G16
2022-11-20 08:44:30,23130684.34,23130690.44,2512.146,1957.517,121552627.814,94716349.696,G16
2022-11-20 08:45:00,23116388.72,23116395.74,2496.152,1945.054,121477505.069,94657812.521,G16
2022-11-20 08:45:30,23102184.38,23102190.58,2480.294,1932.697,121402859.513,94599647.193,G16
2022-11-20 08:46:00,23088071.66,23088077.94,2464.222,1920.173,121328694.12,94541856.066,G16
2022-11-20 08:46:30,23074050.5,23074056.58,2447.921,1907.471,121255011.878,94484441.484,G16
2022-11-20 08:47:00,23060120.82,23060127.88,2431.662,1894.802,121181815.881,94427405.806,G16
2022-11-20 08:47:30,23046285.3,23046291.28,2415.273,1882.031,121109109.271,94370751.492,G16
2022-11-20 08:48:00,23032543.54,23032549.58,2398.944,1869.307,121036894.941,94314480.771,G16
2022-11-20 08:48:30,23018894.98,23018901.22,2382.467,1856.468,120965175.694,94258595.843,G16
2022-11-20 08:49:00,23005342.2,23005348.66,2365.712,1843.412,120893954.455,94203098.961,G16
2022-11-20 08:49:30,22991884.48,22991889.92,2348.908,1830.318,120823233.998,94147992.296,G16
2022-11-20 08:50:00,22978522.72,22978528.86,2331.998,1817.142,120753017.486,94093278.274,G16
2022-11-20 08:50:30,22965257.02,22965263.4,2315.241,1804.084,120683307.862,94038959.196,G16
2022-11-20 08:51:00,22952088.66,22952095.04,2298.18,1790.79,120614108.073,93985037.414,G16
2022-11-20 08:51:30,22939017.92,22939023.82,2280.965,1777.375,120545420.765,93931514.904,G16
2022-11-20 08:52:00,22926045.9,22926051.52,2263.835,1764.028,120477249.305,93878394.349,G16
2022-11-20 08:52:30,22913172.74,22913176.86,2246.435,1750.469,120409595.95,93825677.512,G16
2022-11-20 08:53:00,22900396.82,22900402.3,2229.097,1736.959,120342463.707,93773366.725,G16
2022-11-20 08:53:30,22887721.62,22887727.88,2211.581,1723.31,120275855.544,93721464.336,G16
2022-11-20 08:54:00,22875146.74,22875152.4,2193.947,1709.569,120209774.201,93669972.446,G16
2022-11-20 08:54:30,22862673.82,22862678.92,2176.209,1695.747,120144222.565,93618893.331,G16
2022-11-20 08:55:00,22850300.38,22850305.54,2158.441,1681.902,120079203.275,93568229.029,G16
2022-11-20 08:55:30,22838028.66,22838034.68,2140.473,1667.901,120014719.066,93517981.675,G16
2022-11-20 08:56:00,22825860.5,22825866.16,2122.476,1653.877,119950772.862,93468153.559,G16
2022-11-20 08:56:30,22813794.98,22813800.32,2104.428,1639.814,119887367.325,93418746.737,G16
2022-11-20 08:57:00,22801830.46,22801836.64,2086.27,1625.665,119824504.857,93369763.073,G16
2022-11-20 08:57:30,22789973.5,22789979.32,2068.083,1611.493,119762188.292,93321204.813,G16
2022-11-20 08:58:00,22778219.48,22778224.82,2049.713,1597.179,119700420.476,93273074.126,G16
2022-11-20 08:58:30,22766570.76,22766575.58,2031.415,1582.921,119639203.895,93225372.994,G16
2022-11-20 08:59:00,22755026.08,22755031.62,2012.883,1568.48,119578541.127,93178103.397,G16
2022-11-20 08:59:30,22743587.44,22743593.52,1994.228,1553.944,119518434.793,93131267.36,G16
2022-11-20 09:00:00,22732256.66,22732262.36,1975.593,1539.423,119458887.624,93084867.057,G16
2022-11-20 09:00:30,22721031.76,22721037.88,1956.874,1524.837,119399902.216,93038904.468,G16
2022-11-20 09:01:00,22709914.88,22709920.46,1938.065,1510.181,119341481.154,92993381.632,G16
2022-11-20 09:01:30,22698905.04,22698909.5,1918.982,1495.311,119283626.395,92948300.045,G16
2022-11-20 09:02:00,22688004.04,22688009.5,1900.113,1480.608,119226340.778,92903661.957,G16
2022-11-20 09:02:30,22677211.46,22677218.06,1880.851,1465.598,119169626.803,92859469.26,G16
2022-11-20 09:03:00,22666528.54,22666534.46,1861.805,1450.757,119113487.11,92815724.087,G16
2022-11-20 09:03:30,22655956.08,22655960.86,1842.402,1435.638,119057924.316,92772428.412,G16
2022-11-20 09:04:00,22645492.56,22645498.58,1823.013,1420.529,119002940.46,92729583.861,G16
2022-11-20 09:04:30,22635139.34,22635145.26,1803.639,1405.433,118948537.913,92687192.252,G16
2022-11-20 09:05:00,22624898.58,22624905.08,1784.197,1390.283,118894718.982,92645255.41,G16
2022-11-20 09:05:30,22614768.62,22614774.54,1764.626,1375.034,118841486.371,92603775.442,G16
2022-11-20 09:06:00,22604751.06,22604756.44,1744.921,1359.679,118788842.13,92562753.934,G16
2022-11-20 09:06:30,22594845.62,22594851.0,1725.273,1344.369,118736788.75,92522192.838,G16
2022-11-20 09:07:00,22585053.68,22585058.16,1705.409,1328.89,118685328.636,92482094.024,G16
2022-11-20 09:07:30,22575374.28,22575379.54,1685.465,1313.349,118634464.094,92442459.297,G16
2022-11-20 09:08:00,22565808.42,22565814.38,1665.567,1297.844,118584197.063,92403290.149,G16
2022-11-20 09:08:30,22556356.98,22556363.06,1645.659,1282.332,118534529.689,92364588.281,G16
2022-11-20 09:09:00,22547020.76,22547025.9,1625.403,1266.548,118485464.616,92326355.73,G16
2022-11-20 09:09:30,22537799.26,22537804.02,1605.213,1250.815,118437003.934,92288594.152,G16
2022-11-20 09:10:00,22528692.38,22528697.44,1585.073,1235.122,118389149.543,92251304.997,G16
2022-11-20 09:10:30,22519701.38,22519706.96,1564.754,1219.289,118341903.671,92214490.04,G16
2022-11-20 09:11:00,22510828.08,22510832.7,1544.222,1203.29,118295268.555,92178150.995,G16
2022-11-20 09:11:30,22502069.8,22502075.26,1523.861,1187.424,118249246.134,92142289.36,G16
2022-11-20 09:12:00,22493428.44,22493434.44,1503.392,1171.474,118203838.849,92106907.058,G16
2022-11-20 09:12:30,22484906.0,22484911.2,1482.699,1155.35,118159048.227,92072005.293,G16
2022-11-20 09:13:00,22476499.76,22476505.16,1462.131,1139.323,118114876.364,92037585.68,G16
2022-11-20 09:13:30,22468212.12,22468217.92,1441.237,1123.042,118071325.413,92003649.892,G16
2022-11-20 09:14:00,22460043.12,22460048.8,1420.594,1106.956,118028397.159,91970199.334,G16
2022-11-20 09:14:30,22451992.9,22451998.88,1399.639,1090.628,117986093.743,91937235.659,G16
2022-11-20 09:15:00,22444062.06,22444067.14,1378.801,1074.391,117944417.039,91904760.341,G16
2022-11-20 09:15:30,22436251.32,22436256.1,1357.846,1058.062,117903368.84,91872774.766,G16
2022-11-20 09:16:00,22428559.6,22428565.44,1336.741,1041.617,117862951.553,91841280.807,G16
2022-11-20 09:16:30,22420989.42,22420994.78,1315.692,1025.215,117823166.163,91810279.235,G16
2022-11-20 09:17:00,22413538.7,22413544.22,1294.434,1008.65,117784014.759,91779771.661,G16
2022-11-20 09:17:30,22406209.64,22406215.04,1273.171,992.081,117745499.067,91749759.456,G16
2022-11-20 09:18:00,22399001.8,22399006.6,1252.036,975.612,117707621.31,91720244.36,G16
2022-11-20 09:18:30,22391915.64,22391920.56,1230.651,958.949,117670382.873,91691227.414,G16
2022-11-20 09:19:00,22384951.16,22384955.92,1209.194,942.229,117633785.468,91662709.997,G16
2022-11-20 09:19:30,22378109.44,22378114.26,1187.792,925.552,117597830.841,91634693.442,G16
2022-11-20 09:20:00,22371389.68,22371394.9,1166.156,908.693,117562520.697,91607179.085,G16
2022-11-20 09:20:30,22364793.48,22364798.34,1144.681,891.959,117527856.45,91580168.011,G16
2022-11-20 09:21:00,22358320.48,22358325.62,1122.956,875.031,117493839.951,91553661.712,G16
2022-11-20 09:21:30,22351970.78,22351975.48,1101.399,858.233,117460472.504,91527661.159,G16
2022-11-20 09:22:00,22345745.0,22345750.06,1079.698,841.323,117427755.843,91502167.711,G16
2022-11-20 09:22:30,22339642.82,22339648.4,1057.92,824.353,117395691.49,91477182.568,G16
2022-11-20 09:23:00,22333666.12,22333671.36,1036.048,807.31,117364280.969,91452706.874,G16
2022-11-20 09:23:30,22327813.1,22327818.82,1014.264,790.336,117333525.354,91428741.499,G16
2022-11-20 09:24:00,22322085.44,22322090.6,992.337,773.25,117303426.523,91405287.895,G16
2022-11-20 09:24:30,22316482.8,22316488.42,970.313,756.088,117273985.684,91382347.004,G16
2022-11-20 09:25:00,22311006.48,22311011.22,948.385,739.001,117245204.695,91359920.268,G16
2022-11-20 09:25:30,22305655.0,22305660.08,926.346,721.828,117217084.464,91338008.399,G16
2022-11-20 09:26:00,22300430.3,22300434.94,904.294,704.645,117189625.887,91316612.099,G16
2022-11-20 09:26:30,22295330.82,22295336.2,882.183,687.415,117162830.624,91295732.672,G16
2022-11-20 09:27:00,22290358.82,22290363.88,859.849,670.012,117136700.483,91275371.492,G16
2022-11-20 09:27:30,22285512.72,22285518.56,837.561,652.645,117111235.837,91255528.895,G16
2022-11-20 09:28:00,22280793.76,22280799.12,815.364,635.349,117086438.326,91236206.134,G16
2022-11-20 09:28:30,22276201.62,22276207.68,793.171,618.055,117062309.481,91217404.435,G16
2022-11-20 09:29:00,22271737.86,22271743.22,770.729,600.568,117038849.928,91199124.257,G16
2022-11-20 09:29:30,22267401.64,22267406.44,748.326,583.111,117016060.778,91181366.488,G16
2022-11-20 09:30:00,22263192.84,22263197.68,726.072,565.77,116993943.251,91164132.097,G16
2022-11-20 09:30:30,22259111.06,22259117.18,703.497,548.18,116972498.791,91147422.159,G16
2022-11-20 09:31:00,22255158.68,22255164.88,681.062,530.697,116951728.025,91131237.201,G16
2022-11-20 09:31:30,22251334.62,22251340.26,658.707,513.278,116931631.876,91115577.903,G16
2022-11-20 09:32:00,22247639.5,22247645.46,636.097,495.66,116912211.611,91100445.278,G16
2022-11-20 09:32:30,22244072.16,22244078.42,613.443,478.007,116893468.389,91085840.209,G16
2022-11-20 09:33:00,22240634.56,22240639.74,590.841,460.396,116875402.605,91071762.999,G16
2022-11-20 09:33:30,22237325.94,22237331.66,568.196,442.75,116858014.83,91058214.117,G16
2022-11-20 09:34:00,22234146.4,22234151.82,545.615,425.155,116841306.65,91045194.792,G16
2022-11-20 09:34:30,22231095.92,22231102.44,523.042,407.565,116825278.411,91032705.276,G16
2022-11-20 09:35:00,22228176.18,22228181.46,500.188,389.757,116809931.182,91020746.435,G16
2022-11-20 09:35:30,22225385.28,22225390.56,477.459,372.046,116795265.665,91009318.787,G16
2022-11-20 09:36:00,22222724.52,22222729.3,454.709,354.319,116781282.683,90998422.977,G16
2022-11-20 09:36:30,22220193.86,22220198.84,431.849,336.506,116767982.922,90988059.557,G16
2022-11-20 09:37:00,22217792.96,22217798.42,409.082,318.765,116755366.958,90978228.948,G16
2022-11-20 09:37:30,22215522.48,22215527.66,386.305,301.017,116743435.182,90968931.487,G16
2022-11-20 09:38:00,22213382.2,22213387.28,363.463,283.218,116732188.805,90960168.088,G16
2022-11-20 09:38:30,22211372.68,22211377.64,340.56,265.371,116721628.125,90951939.008,G16
2022-11-20 09:39:00,22209492.86,22209498.6,317.737,247.587,116711753.538,90944244.547,G16
2022-11-20 09:39:30,22207745.48,22207750.2,294.788,229.705,116702565.668,90937085.192,G16
2022-11-20 09:40:00,22206127.42,22206132.74,271.959,211.916,116694064.918,90930461.268,G16
2022-11-20 09:40:30,22204640.68,22204645.32,248.919,193.963,116686251.952,90924373.277,G16
2022-11-20 09:41:00,22203284.38,22203289.7,226.114,176.193,116679127.103,90918821.503,G16
2022-11-20 09:41:30,22202059.56,22202064.92,203.142,158.292,116672690.994,90913806.377,G16
2022-11-20 09:42:00,22200966.0,22200971.36,180.033,140.286,116666943.848,90909328.122,G16
2022-11-20 09:42:30,22200003.38,22200009.04,157.099,122.415,116661885.865,90905386.876,G16
2022-11-20 09:43:00,22199171.9,22199177.26,134.107,104.499,116657517.205,90901982.75,G16
2022-11-20 09:43:30,22198472.4,22198476.8,111.163,86.621,116653838.454,90899116.223,G16
2022-11-20 09:44:00,22197903.44,22197908.66,88.17,68.704,116650849.684,90896787.33,G16
2022-11-20 09:44:30,22197465.86,22197471.2,65.113,50.737,116648551.113,90894996.256,G16
2022-11-20 09:45:00,22197159.56,22197165.08,42.039,32.758,116646942.93,90893743.156,G16
2022-11-20 09:45:30,22196985.38,22196989.74,19.041,14.837,116646025.37,90893028.192,G16
2022-11-20 09:46:00,22196942.58,22196946.86,-3.992,-3.11,116645798.846,90892851.692,G16
2022-11-20 09:46:30,22197030.62,22197035.7,-27.039,-21.069,116646263.202,90893213.579,G16
2022-11-20 09:47:00,22197250.58,22197255.58,-50.049,-38.999,116647418.779,90894114.049,G16
2022-11-20 09:47:30,22197601.78,22197606.52,-73.113,-56.971,116649265.275,90895552.914,G16
2022-11-20 09:48:00,22198084.36,22198089.14,-96.07,-74.859,116651802.115,90897529.686,G16
2022-11-20 09:48:30,22198698.32,22198703.52,-119.087,-92.795,116655029.97,90900044.933,G16
2022-11-20 09:49:00,22199444.82,22199449.24,-142.224,-110.824,116658948.753,90903098.528,G16
2022-11-20 09:49:30,22200318.58,22200323.98,-165.14,-128.68,116663558.047,90906689.176,G16
2022-11-20 09:50:00,22201330.34,22201334.9,-188.07,-146.548,116668858.572,90910819.608,G16
2022-11-20 09:50:30,22202469.8,22202476.26,-211.322,-164.667,116674849.131,90915487.684,G16
2022-11-20 09:51:00,22203741.5,22203746.62,-234.203,-182.496,116681530.005,90920693.527,G16
2022-11-20 09:51:30,22205144.56,22205148.6,-257.158,-200.382,116688900.97,90926437.157,G16
2022-11-20 09:52:00,22206677.82,22206682.74,-280.187,-218.327,116696961.632,90932718.237,G16
2022-11-20 09:52:30,22208343.48,22208347.7,-303.144,-236.216,116705712.267,90939536.928,G16
2022-11-20 09:53:00,22210139.7,22210143.7,-326.142,-254.137,116715152.085,90946892.64,G16
2022-11-20 09:53:30,22212067.22,22212071.16,-349.134,-272.053,116725280.548,90954784.962,G16
2022-11-20 09:54:00,22214124.88,22214129.3,-371.936,-289.82,116736097.358,90963213.657,G16
2022-11-20 09:54:30,22216314.76,22216319.16,-394.897,-307.712,116747602.52,90972178.731,G16
2022-11-20 09:55:00,22218634.8,22218639.16,-417.866,-325.61,116759795.739,90981679.961,G16
2022-11-20 09:55:30,22221086.04,22221090.44,-440.804,-343.483,116772676.207,90991716.685,G16
2022-11-20 09:56:00,22223667.7,22223671.82,-463.676,-361.306,116786243.429,91002288.546,G16
2022-11-20 09:56:30,22226380.0,22226384.78,-486.585,-379.157,116800497.035,91013395.256,G16
2022-11-20 09:57:00,22229222.8,22229228.1,-509.471,-396.991,116815436.241,91025036.207,G16
2022-11-20 09:57:30,22232196.42,22232201.12,-532.225,-414.721,116831060.426,91037210.89,G16
2022-11-20 09:58:00,22235299.8,22235304.42,-555.024,-432.486,116847369.408,91049919.167,G16
2022-11-20 09:58:30,22238533.22,22238538.3,-577.848,-450.271,116864362.169,91063160.278,G16
2022-11-20 09:59:00,22241897.36,22241901.96,-600.678,-468.061,116882038.621,91076934.12,G16
2022-11-20 09:59:30,22245390.82,22245394.94,-623.241,-485.642,116900397.519,91091239.74,G16
2022-11-20 10:00:00,22249013.68,22249018.58,-646.1,-503.455,116919438.031,91106076.499,G16
2022-11-20 10:00:30,22252766.74,22252771.5,-668.796,-521.14,116939159.693,91121444.007,G16
2022-11-20 10:01:00,22256648.86,22256653.82,-691.374,-538.733,116959561.569,91137341.548,G16
2022-11-20 10:01:30,22260660.36,22260665.4,-714.043,-556.397,116980643.124,91153768.701,G16
2022-11-20 10:02:00,22264801.3,22264806.34,-736.779,-574.113,117002403.443,91170724.751,G16
2022-11-20 10:02:30,22269071.28,22269076.2,-759.168,-591.559,117024842.184,91188209.456,G16
2022-11-20 10:03:00,22273470.22,22273475.24,-781.678,-609.1,117047957.404,91206221.28,G16
2022-11-20 10:03:30,22277997.24,22278002.36,-804.297,-626.725,117071748.439,91224759.725,G16
2022-11-20 10:04:00,22282653.08,22282658.62,-826.779,-644.244,117096214.481,91243824.157,G16
2022-11-20 10:04:30,22287437.24,22287442.86,-849.303,-661.795,117121355.083,91263414.204,G16
2022-11-20 10:05:00,22292349.68,22292354.64,-871.68,-679.231,117147168.65,91283528.667,G16
2022-11-20 10:05:30,22297389.62,22297394.52,-893.949,-696.584,117173654.626,91304167.077,G16
2022-11-20 10:06:00,22302556.92,22302562.58,-916.507,-714.162,117200811.088,91325327.947,G16
2022-11-20 10:06:30,22307851.72,22307857.9,-938.705,-731.459,117228637.589,91347010.937,G16
2022-11-20 10:07:00,22313274.18,22313280.5,-960.972,-748.809,117257132.887,91369215.073,G16
2022-11-20 10:07:30,22318824.38,22318829.84,-983.215,-766.142,117286295.588,91391939.252,G16
2022-11-20 10:08:00,22324500.18,22324506.36,-1005.37,-783.405,117316124.878,91415182.86,G16
2022-11-20 10:08:30,22330303.36,22330308.64,-1027.498,-800.648,117346619.825,91438945.152,G16
2022-11-20 10:09:00,22336232.96,22336238.24,-1049.731,-817.972,117377778.935,91463224.979,G16
2022-11-20 10:09:30,22342288.32,22342294.18,-1071.791,-835.161,117409600.61,91488021.089,G16
2022-11-20 10:10:00,22348469.82,22348475.62,-1093.858,-852.357,117442083.685,91513332.574,G16
2022-11-20 10:10:30,22354776.62,22354782.92,-1115.883,-869.519,117475226.923,91539158.465,G16
2022-11-20 10:11:00,22361209.5,22361215.16,-1137.611,-886.45,117509029.069,91565497.8,G16
2022-11-20 10:11:30,22367766.34,22367772.84,-1159.543,-903.54,117543488.901,91592349.605,G16
2022-11-20 10:12:00,22374448.46,22374454.68,-1181.425,-920.591,117578604.9,91619712.727,G16
2022-11-20 10:12:30,22381255.88,22381261.06,-1203.367,-937.688,117614375.721,91647586.113,G16
2022-11-20 10:13:00,22388187.5,22388192.14,-1224.883,-954.454,117650799.536,91675968.323,G16
2022-11-20 10:13:30,22395243.14,22395247.78,-1246.822,-971.55,117687875.48,91704858.716,G16
2022-11-20 10:14:00,22402422.4,22402426.26,-1268.467,-988.416,117725601.642,91734255.75,G16
2022-11-20 10:14:30,22409724.32,22409729.16,-1290.05,-1005.234,117763977.445,91764159.012,G16
2022-11-20 10:15:00,22417150.52,22417155.14,-1311.593,-1022.021,117802999.917,91794566.176,G16
2022-11-20 10:15:30,22424698.82,22424702.98,-1333.007,-1038.707,117842667.978,91825476.361,G16
2022-11-20 10:16:00,22432370.02,22432374.52,-1354.545,-1055.489,117882980.209,91856888.526,G16
2022-11-20 10:16:30,22440163.18,22440167.64,-1375.926,-1072.15,117923935.055,91888801.411,G16
2022-11-20 10:17:00,22448078.32,22448083.66,-1396.903,-1088.496,117965530.891,91921213.764,G16
2022-11-20 10:17:30,22456115.56,22456120.8,-1418.346,-1105.205,118007766.208,91954124.427,G16
2022-11-20 10:18:00,22464274.22,22464279.12,-1439.722,-1121.861,118050639.247,91987531.985,G16
2022-11-20 10:18:30,22472553.84,22472558.26,-1460.955,-1138.406,118094147.68,92021434.658,G16
2022-11-20 10:19:00,22480953.46,22480958.38,-1481.983,-1154.792,118138290.206,92055831.422,G16
2022-11-20 10:19:30,22489474.2,22489478.74,-1503.079,-1171.23,118183065.131,92090720.952,G16
2022-11-20 10:20:00,22498114.04,22498119.8,-1523.949,-1187.493,118228470.616,92126101.839,G16
2022-11-20 10:20:30,22506874.44,22506879.74,-1545.087,-1203.964,118274505.458,92161973.1,G16
2022-11-20 10:21:00,22515753.84,22515759.54,-1565.857,-1220.148,118321166.97,92198332.694,G16
2022-11-20 10:21:30,22524751.78,22524758.12,-1586.71,-1236.397,118368453.904,92235179.598,G16
2022-11-20 10:22:00,22533869.34,22533874.62,-1607.236,-1252.392,118416363.627,92272511.817,G16
2022-11-20 10:22:30,22543104.22,22543109.58,-1628.059,-1268.617,118464894.786,92310328.255,G16
2022-11-20 10:23:00,22552457.5,22552462.98,-1648.711,-1284.71,118514045.521,92348627.479,G16
2022-11-20 10:23:30,22561928.14,22561934.16,-1669.321,-1300.77,118563813.737,92387407.875,G16
2022-11-20 10:24:00,22571516.24,22571521.62,-1689.698,-1316.648,118614197.556,92426667.955,G16
2022-11-20 10:24:30,22581220.54,22581225.94,-1710.091,-1332.538,118665195.053,92466406.226,G16
2022-11-20 10:25:00,22591041.14,22591046.9,-1730.552,-1348.482,118716804.593,92506621.407,G16
2022-11-20 10:25:30,22600978.84,22600983.7,-1750.768,-1364.235,118769023.426,92547311.353,G16
2022-11-20 10:26:00,22611031.8,22611036.14,-1770.879,-1379.906,118821849.731,92588474.673,G16
2022-11-20 10:26:30,22621199.34,22621203.38,-1791.197,-1395.738,118875281.56,92630109.832,G16
2022-11-20 10:27:00,22631481.12,22631486.82,-1811.164,-1411.297,118929316.835,92672215.194,G16
2022-11-20 10:27:30,22641878.42,22641884.24,-1831.24,-1426.94,118983954.022,92714789.586,G16
2022-11-20 10:28:00,22652389.64,22652394.58,-1851.193,-1442.488,119039189.826,92757830.428,G16
2022-11-20 10:28:30,22663014.46,22663019.6,-1871.009,-1457.929,119095022.499,92801336.364,G16
2022-11-20 10:29:00,22673752.5,22673757.58,-1890.878,-1473.411,119151450.534,92845306.245,G16
2022-11-20 10:29:30,22684602.84,22684608.02,-1910.598,-1488.777,119208471.174,92889737.873,G16
2022-11-20 10:30:00,22695566.26,22695570.86,-1930.23,-1504.075,119266082.249,92934629.591,G16
2022-11-20 10:30:30,22706641.76,22706645.86,-1949.767,-1519.299,119324281.717,92979979.783,G16
2022-11-20 10:31:00,22717827.6,22717832.36,-1969.131,-1534.388,119383067.51,93025786.874,G16
2022-11-20 10:31:30,22729124.88,22729130.36,-1988.686,-1549.625,119442436.983,93072048.776,G16
2022-11-20 10:32:00,22740534.26,22740539.32,-2008.055,-1564.718,119502388.059,93118763.868,G16
2022-11-20 10:32:30,22752051.98,22752057.5,-2027.203,-1579.638,119562918.369,93165930.327,G16
2022-11-20 10:33:00,22763679.68,22763686.14,-2046.447,-1594.634,119624025.758,93213546.439,G16
2022-11-20 10:33:30,22775418.28,22775423.9,-2065.605,-1609.563,119685707.651,93261610.246,G16
2022-11-20 10:34:00,22787263.74,22787270.62,-2084.61,-1624.371,119747962.104,93310120.17,G16
2022-11-20 10:34:30,22799219.86,22799224.4,-2103.642,-1639.201,119810786.213,93359074.001,G16
2022-11-20 10:35:00,22811282.94,22811288.18,-2122.522,-1653.913,119874178.009,93408470.173,G16
2022-11-20 10:35:30,22823453.16,22823459.12,-2141.249,-1668.506,119938135.022,93458306.794,G16
2022-11-20 10:36:00,22835731.12,22835736.4,-2159.986,-1683.106,120002654.684,93508581.839,G16
2022-11-20 10:36:30,22848115.2,22848120.94,-2178.704,-1697.692,120067734.775,93559293.584,G16
2022-11-20 10:37:00,22860606.26,22860611.38,-2197.186,-1712.093,120133372.932,93610440.204,G16
2022-11-20 10:37:30,22873202.2,22873208.22,-2215.691,-1726.512,120199566.591,93662019.642,G16
2022-11-20 10:38:00,22885903.46,22885908.76,-2234.05,-1740.818,120266312.978,93714029.801,G16
2022-11-20 10:38:30,22898710.28,22898716.12,-2252.433,-1755.143,120333610.163,93766469.155,G16
2022-11-20 10:39:00,22911620.46,22911625.98,-2270.762,-1769.425,120401455.119,93819335.31,G16
2022-11-20 10:39:30,22924635.24,22924640.18,-2288.645,-1783.36,120469845.604,93872626.587,G16
2022-11-20 10:40:00,22937752.94,22937757.56,-2306.744,-1797.463,120538779.183,93926341.042,G16
2022-11-20 10:40:30,22950973.16,22950978.02,-2324.713,-1811.465,120608253.083,93980476.521,G16
2022-11-20 10:41:00,22964295.78,22964301.4,-2342.656,-1825.446,120678264.683,94035031.013,G16
2022-11-20 10:41:30,22977720.56,22977725.62,-2360.512,-1839.36,120748811.997,94090002.897,G16
2022-11-20 10:42:00,22991246.94,22991251.4,-2378.078,-1853.048,120819891.562,94145389.544,G16
2022-11-20 10:42:30,23004873.94,23004878.68,-2395.763,-1866.828,120891501.583,94201189.52,G16
2022-11-20 10:43:00,23018600.86,23018605.94,-2413.339,-1880.524,120963638.819,94257400.32,G16
2022-11-20 10:43:30,23032427.68,23032433.44,-2430.771,-1894.108,121036300.912,94314020.081,G16
2022-11-20 10:44:00,23046354.18,23046359.32,-2448.205,-1907.692,121109485.368,94371046.885,G16
2022-11-20 10:44:30,23060379.86,23060385.64,-2465.488,-1921.159,121183189.251,94428478.433,G16
2022-11-20 10:45:00,23074503.6,23074508.96,-2482.588,-1934.484,121257410.242,94486312.927,G16
2022-11-20 10:45:30,23088725.62,23088730.38,-2499.735,-1947.845,121332145.446,94544548.102,G16
2022-11-20 10:46:00,23103044.38,23103050.16,-2516.787,-1961.133,121407392.267,94603181.953,G16
2022-11-20 10:46:30,23117460.04,23117465.32,-2533.578,-1974.216,121483147.579,94662212.021,G16
2022-11-20 10:47:00,23131972.62,23131977.82,-2550.445,-1987.359,121559409.206,94721636.639,G16
2022-11-20 10:47:30,23146580.6,23146585.46,-2567.202,-2000.417,121636174.285,94781453.537,G16
2022-11-20 10:48:00,23161282.94,23161288.62,-2583.752,-2013.313,121713439.774,94841660.384,G16
2022-11-20 10:48:30,23176080.72,23176086.3,-2600.527,-2026.384,121791203.389,94902255.358,G16
2022-11-20 10:49:00,23190973.08,23190978.78,-2616.908,-2039.149,121869462.315,94963236.309,G16
2022-11-20 10:49:30,23205959.42,23205964.64,-2633.251,-2051.884,121948213.651,95024600.952,G16
2022-11-20 10:50:00,23221038.0,23221043.96,-2649.415,-2064.479,122027454.87,95086347.329,G16
2022-11-20 10:50:30,23236210.7,23236216.12,-2665.721,-2077.186,122107182.689,95148472.863,G16
2022-11-20 10:51:00,23251474.14,23251479.74,-2681.922,-2089.809,122187394.565,95210975.577,G16
2022-11-20 10:51:30,23266829.98,23266835.34,-2697.772,-2102.16,122268087.687,95273853.281,G16
2022-11-20 10:52:00,23282275.66,23282281.76,-2713.616,-2114.506,122349259.064,95337103.672,G16
2022-11-20 10:52:30,23297812.78,23297819.86,-2729.441,-2126.837,122430906.156,95400724.727,G16
2022-11-20 10:53:00,23313439.86,23313445.1,-2745.199,-2139.116,122513026.395,95464714.506,G16
2022-11-20 10:53:30,23329155.16,23329163.06,-2760.416,-2150.973,122595616.711,95529070.541,G16
2022-11-20 10:54:00,23344962.06,23344966.1,-2776.319,-2163.366,122678673.6,95593790.158,G16
2022-11-20 10:54:30,23360855.54,23360860.78,-2791.776,-2175.41,122762194.701,95658871.494,G16
2022-11-20 10:55:00,23376837.04,23376842.52,-2807.148,-2187.388,122846177.386,95724312.522,G16
2022-11-20 10:55:30,23392905.38,23392911.36,-2822.257,-2199.161,122930618.585,95790110.841,G16
2022-11-20 10:56:00,23409059.88,23409065.72,-2837.497,-2211.036,123015515.388,95856264.176,G16
2022-11-20 10:56:30,23425301.86,23425307.74,-2852.527,-2222.748,123100865.028,95922770.35,G16
2022-11-20 10:57:00,23441629.62,23441634.6,-2867.328,-2234.282,123186664.652,95989627.169,G16
2022-11-20 10:57:30,23458041.22,23458047.46,-2882.211,-2245.879,123272911.361,96056832.335,G16
2022-11-20 10:58:00,23474539.06,23474545.04,-2896.999,-2257.402,123359602.331,96124383.732,G16
2022-11-20 10:58:30,23491118.86,23491124.56,-2911.734,-2268.884,123446734.003,96192278.495,G16
2022-11-20 10:59:00,23507782.9,23507789.4,-2926.197,-2280.153,123534303.817,96260514.66,G16
2022-11-20 10:59:30,23524529.4,23524535.94,-2940.803,-2291.535,123622308.937,96329090.043,G16
2022-11-20 11:00:00,23541358.36,23541365.76,-2955.096,-2302.672,123710746.454,96398002.337,G16
2022-11-20 11:00:30,23558269.46,23558275.56,-2969.412,-2313.827,123799613.676,96467249.449,G16
2022-11-20 11:01:00,23575261.44,23575267.2,-2983.568,-2324.858,123888907.567,96536829.029,G16
2022-11-20 11:01:30,23592334.76,23592340.52,-2997.62,-2335.808,123978624.68,96606738.439,G16
2022-11-20 11:02:00,23609487.28,23609492.82,-3011.576,-2346.683,124068762.291,96676975.504,G16
2022-11-20 11:02:30,23626719.64,23626724.46,-3025.207,-2357.304,124159317.604,96747538.054,G16
2022-11-20 11:03:00,23644031.0,23644036.6,-3039.129,-2368.153,124250287.678,96818423.816,G16
2022-11-20 11:03:30,23661419.02,23661424.64,-3052.89,-2378.875,124341669.352,96889630.277,G16
2022-11-20 11:04:00,23678886.94,23678893.0,-3066.449,-2389.441,124433459.853,96961155.324,G16
2022-11-20 11:04:30,23696432.24,23696437.22,-3079.914,-2399.933,124525656.084,97032996.51,G16
2022-11-20 11:05:00,23714053.36,23714058.16,-3093.422,-2410.458,124618255.028,97105151.527,G16
2022-11-20 11:05:30,23731749.7,23731756.82,-3106.612,-2420.737,124711253.808,97177618.121,G16
2022-11-20 11:06:00,23749522.58,23749527.9,-3119.792,-2431.007,124804649.864,97250394.23,G16
2022-11-20 11:06:30,23767370.4,23767375.46,-3132.701,-2441.065,124898439.433,97323476.992,G16
2022-11-20 11:07:00,23785291.16,23785297.28,-3145.808,-2451.279,124992619.669,97396864.183,G16
2022-11-20 11:07:30,23803287.48,23803293.72,-3158.873,-2461.459,125087187.537,97470553.411,G16
2022-11-20 11:08:00,23821356.66,23821363.04,-3171.47,-2471.276,125182140.303,97544542.548,G16
2022-11-20 11:08:30,23839498.14,23839504.4,-3184.102,-2481.118,125277475.259,97618829.517,G16
2022-11-20 11:09:00,23857712.02,23857718.9,-3196.815,-2491.024,125373188.901,97693411.565,G16
2022-11-20 11:09:30,23875996.34,23876003.3,-3209.265,-2500.726,125469278.509,97768286.556,G16
2022-11-20 11:10:00,23894353.52,23894359.24,-3221.445,-2510.217,125565740.823,97843451.969,G16
2022-11-20 11:10:30,23912779.0,23912786.4,-3233.778,-2519.827,125662572.816,97918905.433,G16
2022-11-20 11:11:00,23931275.86,23931282.18,-3245.965,-2529.323,125759771.647,97994644.765,G16
2022-11-20 11:11:30,23949842.52,23949847.3,-3257.96,-2538.67,125857334.186,98070667.505,G16
2022-11-20 11:12:00,23968475.88,23968482.44,-3270.134,-2548.156,125955257.734,98146971.529,G16
2022-11-20 11:12:30,23987178.06,23987184.28,-3282.099,-2557.479,126053539.078,98223554.358,G16
2022-11-20 11:13:00,24005948.46,24005953.72,-3293.822,-2566.615,126152175.017,98300413.563,G16
2022-11-20 11:13:30,24024784.12,24024790.7,-3305.573,-2575.771,126251162.701,98377546.805,G16
2022-11-20 11:14:00,24043686.52,24043694.18,-3317.026,-2584.696,126350499.32,98454951.928,G16
2022-11-20 11:14:30,24062655.8,24062661.42,-3328.354,-2593.522,126450181.205,98532626.136,G16
2022-11-20 11:15:00,24081691.1,24081697.24,-3339.943,-2602.553,126550205.812,98610567.356,G16
2022-11-20 11:15:30,24100789.9,24100794.36,-3351.198,-2611.324,126650570.284,98688773.424,G16
2022-11-20 11:16:00,24119951.64,24119958.3,-3362.328,-2619.996,126751271.331,98767241.762,G16
2022-11-20 11:16:30,24139178.14,24139184.24,-3373.289,-2628.537,126852306.043,98845970.132,G16
2022-11-20 11:17:00,24158469.1,24158473.96,-3384.346,-2637.153,126953671.248,98924956.005,G16
2022-11-20 11:17:30,24177817.9,24177825.38,-3395.218,-2645.624,127055363.906,99004197.06,G16
2022-11-20 11:18:00,24197231.8,24197238.52,-3405.763,-2653.842,127157381.339,99083691.19,G16
2022-11-20 11:18:30,24216706.18,24216713.34,-3416.605,-2662.29,127259720.349,99163435.906,G16
2022-11-20 11:19:00,24236242.26,24236249.04,-3427.096,-2670.465,127362377.587,99243428.598,G16
2022-11-20 11:19:30,24255836.72,24255842.34,-3437.761,-2678.775,127465350.525,99323667.296,G16
2022-11-20 11:20:00,24275493.9,24275497.26,-3448.106,-2686.836,127568635.919,99404149.444,G16
2022-11-20 11:20:30,24295204.44,24295209.66,-3458.501,-2694.935,127672230.748,99484872.775,G16
2022-11-20 11:21:00,24314976.3,24314981.34,-3468.476,-2702.709,127776131.909,99565834.768,G16
2022-11-20 11:21:30,24334806.58,24334810.68,-3478.747,-2710.712,127880336.892,99647033.471,G16
2022-11-20 11:22:00,24354692.26,24354698.28,-3488.512,-2718.321,127984842.167,99728466.203,G16
2022-11-20 11:22:30,24374635.14,24374642.2,-3498.412,-2726.036,128089644.779,99810130.583,G16
2022-11-20 11:23:00,24394632.58,24394639.24,-3508.34,-2733.771,128194741.915,99892024.487,G16
2022-11-20 11:23:30,24414689.48,24414694.84,-3517.733,-2741.091,128300130.351,99974145.326,G16
2022-11-20 11:24:00,24434799.8,24434806.62,-3527.166,-2748.441,128405807.219,100056490.942,G16
2022-11-20 11:24:30,24454963.14,24454968.68,-3536.745,-2755.905,128511769.526,100139058.994,G16
2022-11-20 11:25:00,24475180.68,24475187.16,-3546.155,-2763.237,128618014.159,100221847.096,G16
2022-11-20 11:25:30,24495451.58,24495457.38,-3555.606,-2770.602,128724538.363,100304852.985,G16
2022-11-20 11:26:00,24515774.98,24515780.0,-3564.58,-2777.595,128831339.019,100388074.322,G16
2022-11-20 11:26:30,24536151.56,24536157.8,-3573.575,-2784.604,128938413.207,100471508.818,G16
2022-11-20 11:27:00,24556577.82,24556583.56,-3582.704,-2791.718,129045757.958,100555154.161,G16
2022-11-20 11:27:30,24577056.18,24577062.44,-3591.559,-2798.618,129153369.999,100639007.76,G16
2022-11-20 11:28:00,24597583.96,24597589.5,-3600.266,-2805.402,129261246.671,100723067.537,G16
2022-11-20 11:28:30,24618159.88,24618169.46,-3608.497,-2811.816,129369384.804,100807331.079,G16
2022-11-20 11:29:00,24638787.98,24638796.3,-3617.988,-2819.211,129477781.91,100891796.33,G16
2022-11-20 11:29:30,24659465.82,24659470.7,-3625.867,-2825.351,129586434.395,100976460.625,G16
2022-11-20 11:30:00,24680189.08,24680195.5,-3634.359,-2831.968,129695339.627,101061321.893,G16
2022-11-20 11:30:30,24700961.2,24700965.52,-3642.73,-2838.491,129804494.121,101146377.414,G16
2022-11-20 11:31:00,24721780.26,24721782.72,-3650.95,-2844.896,129913895.698,101231625.446,G16
2022-11-20 11:31:30,24742642.72,24742648.1,-3658.782,-2850.999,130023541.015,101317063.421,G16
2022-11-20 11:32:00,24763553.66,24763559.18,-3666.81,-2857.255,130133427.296,101402689.129,G16
2022-11-20 11:32:30,24784509.84,24784515.18,-3674.85,-2863.519,130243551.48,101488500.227,G16
2022-11-20 11:33:00,24805509.68,24805516.98,-3682.612,-2869.567,130353910.449,101574494.265,G16
2022-11-20 11:33:30,24826555.02,24826560.9,-3690.329,-2875.581,130464501.645,101660669.289,G16
2022-11-20 11:34:00,24847643.86,24847651.4,-3697.639,-2881.277,130575321.959,101746950.865,G16
2022-11-20 11:34:30,24868774.02,24868781.8,-3705.364,-2887.296,130686368.423,101833496.625,G16
2022-11-20 11:35:00,24889948.22,24889956.18,-3712.375,-2892.759,130797638.0,101920200.22,G16
2022-11-20 11:35:30,24911161.52,24911170.78,-3719.869,-2898.599,130909128.1,102007075.671,G16
2022-11-20 11:36:00,24932419.22,24932430.24,-3726.925,-2904.097,131020835.697,102094120.602,G16
2022-11-20 11:36:30,24953718.94,24953727.16,-3734.086,-2909.677,131132758.026,102181308.871,G16
2022-11-20 11:37:00,24975054.68,24975063.9,-3741.065,-2915.116,131244891.914,102268714.97,G16
2022-11-20 11:37:30,24996435.92,24996442.98,-3748.02,-2920.535,131357234.625,102356254.847,G16
2022-11-20 11:38:00,25017854.72,25017860.0,-3754.92,-2925.912,131469783.094,102443954.993,G16
2022-11-20 11:38:30,25039312.8,25039314.82,-3761.691,-2931.188,131582534.504,102531813.299,G16
2022-11-20 11:39:00,25060802.5,25060808.12,-3768.391,-2936.409,131695486.163,102619827.656,G16
2022-11-20 11:39:30,25082335.52,25082341.76,-3774.88,-2941.465,131808635.014,102707995.666,G16
2022-11-20 11:40:00,25103904.18,25103908.4,-3780.98,-2946.218,131921978.218,102796315.125,G16
2022-11-20 11:40:30,25125508.72,25125515.46,-3787.272,-2951.121,132035513.007,102884783.825,G16
2022-11-20 11:41:00,25147149.22,25147154.58,-3793.878,-2956.269,132149236.751,102973399.83,G16
2022-11-20 11:42:00,25190536.46,25190542.42,-3806.19,-2965.862,132377239.08,103151028.15,G16
2022-11-20 21:46:30,24309676.58,24309678.6,3558.874,2773.149,127748210.082,99544056.293,G16
2022-11-20 21:47:00,24289379.58,24289382.4,3551.609,2767.487,127641555.884,99460949.181,G16
2022-11-20 21:47:30,24269125.72,24269129.22,3544.207,2761.719,127535119.865,99378012.003,G16
2022-11-20 21:48:00,24248912.54,24248916.88,3536.762,2755.919,127428905.154,99295247.291,G16
2022-11-20 21:48:30,24228743.5,24228747.82,3529.188,2750.017,127322913.335,99212656.302,G16
2022-11-20 21:49:00,24208617.78,24208620.58,3521.639,2744.134,127217147.294,99130241.201,G16
2022-11-20 21:49:30,24188533.76,24188537.0,3513.936,2738.132,127111609.376,99048003.899,G16
2022-11-20 21:50:00,24168495.08,24168497.34,3506.478,2732.32,127006302.966,98965946.934,G16
2022-11-20 21:50:30,24148500.82,24148505.28,3498.472,2726.082,126901230.127,98884071.996,G16
2022-11-20 21:51:00,24128550.98,24128553.68,3490.449,2719.831,126796392.884,98802380.646,G16
2022-11-20 21:51:30,24108647.66,24108649.8,3482.507,2713.641,126691794.606,98720875.445,G16
2022-11-20 21:52:00,24088789.02,24088791.58,3474.442,2707.358,126587437.999,98639558.615,G16
2022-11-20 21:52:30,24068976.92,24068980.1,3466.426,2701.111,126483325.465,98558431.979,G16
2022-11-20 21:53:00,24049211.64,24049214.88,3458.153,2694.665,126379459.767,98477497.674,G16
2022-11-20 21:53:30,24029494.36,24029496.66,3449.805,2688.16,126275843.004,98396757.324,G16
2022-11-20 21:54:00,24009825.08,24009826.7,3441.22,2681.47,126172478.03,98316213.216,G16
2022-11-20 21:54:30,23990203.42,23990205.38,3432.576,2674.734,126069367.66,98235867.473,G16
2022-11-20 21:55:00,23970630.18,23970632.42,3423.93,2667.998,125966514.811,98155722.383,G16
2022-11-20 21:55:30,23951107.16,23951111.38,3415.497,2661.426,125863921.129,98075779.265,G16
2022-11-20 21:56:00,23931634.34,23931637.24,3406.609,2654.5,125761590.254,97996040.935,G16
2022-11-20 21:56:30,23912212.32,23912214.86,3397.72,2647.574,125659524.57,97916509.247,G16
2022-11-20 21:57:00,23892840.6,23892842.98,3388.957,2640.746,125557726.29,97837185.912,G16
2022-11-20 21:57:30,23873519.46,23873523.04,3379.574,2633.434,125456198.101,97758073.036,G16
2022-11-20 21:58:00,23854252.02,23854254.66,3370.457,2626.33,125354942.906,97679172.89,G16
2022-11-20 21:58:30,23835035.4,23835038.8,3361.118,2619.053,125253963.271,97600487.487,G16
2022-11-20 21:59:00,23815872.88,23815876.7,3351.844,2611.827,125153262.188,97522019.129,G16
2022-11-20 21:59:30,23796763.88,23796766.06,3342.922,2604.875,125052841.949,97443769.578,G16
2022-11-20 22:00:00,23777709.44,23777712.12,3333.014,2597.154,124952705.086,97365740.835,G16
2022-11-20 22:00:30,23758707.3,23758711.38,3323.552,2589.781,124852854.633,97287935.266,G16
2022-11-20 22:01:00,23739762.1,23739764.74,3313.889,2582.251,124753293.043,97210354.817,G16
2022-11-20 22:01:30,23720872.26,23720874.32,3304.054,2574.587,124654022.946,97133001.494,G16
2022-11-20 22:02:00,23702038.18,23702040.18,3294.044,2566.787,124555047.24,97055877.599,G16
2022-11-20 22:02:30,23683257.32,23683262.34,3284.358,2559.24,124456368.14,96978984.809,G16
2022-11-20 22:03:00,23664536.66,23664540.88,3274.183,2551.311,124357988.526,96902325.366,G16
2022-11-20 22:03:30,23645873.96,23645876.88,3264.064,2543.427,124259911.166,96825901.458,G16
2022-11-20 22:04:00,23627268.98,23627271.6,3253.871,2535.484,124162138.478,96749714.927,G16
2022-11-20 22:04:30,23608721.86,23608723.82,3243.74,2527.589,124064673.85,96673768.47,G16
2022-11-20 22:05:00,23590234.4,23590236.28,3233.253,2519.418,123967519.23,96598063.573,G16
2022-11-20 22:05:30,23571806.2,23571808.34,3222.852,2511.313,123870677.557,96522602.503,G16
2022-11-20 22:06:00,23553436.36,23553440.22,3212.28,2503.075,123774151.059,96447387.086,G16
2022-11-20 22:06:30,23535129.68,23535132.58,3201.799,2494.909,123677942.902,96372419.658,G16
2022-11-20 22:07:00,23516882.4,23516885.2,3190.947,2486.452,123582055.783,96297702.437,G16
2022-11-20 22:07:30,23498696.02,23498699.12,3180.056,2477.966,123486492.02,96223237.145,G16
2022-11-20 22:08:00,23480574.96,23480577.1,3168.872,2469.251,123391255.041,96149026.528,G16
2022-11-20 22:08:30,23462514.02,23462517.14,3158.443,2461.125,123296346.362,96075071.72,G16
2022-11-20 22:09:00,23444516.68,23444519.4,3147.197,2452.362,123201769.18,96001375.206,G16
2022-11-20 22:09:30,23426583.4,23426585.06,3135.925,2443.578,123107526.39,95927939.247,G16
2022-11-20 22:10:00,23408713.68,23408716.56,3124.653,2434.795,123013620.761,95854766.026,G16
2022-11-20 22:10:30,23390909.12,23390910.46,3113.2,2425.87,122920054.844,95781857.54,G16
2022-11-20 22:11:00,23373168.52,23373170.94,3101.844,2417.022,122826830.92,95709215.5,G16
2022-11-20 22:11:30,23355494.28,23355496.42,3089.964,2407.764,122733951.741,95636842.145,G16
2022-11-20 22:12:00,23337885.78,23337888.64,3078.539,2398.862,122641420.554,95564739.892,G16
2022-11-20 22:12:30,23320344.28,23320346.42,3066.665,2389.609,122549239.457,95492910.477,G16
2022-11-20 22:13:00,23302870.34,23302872.76,3054.892,2380.435,122457411.278,95421356.051,G16
2022-11-20 22:13:30,23285463.8,23285466.24,3043.171,2371.302,122365938.835,95350078.825,G16
2022-11-20 22:14:00,23268124.7,23268127.44,3031.096,2361.893,122274824.64,95279080.728,G16
2022-11-20 22:14:30,23250855.32,23250857.38,3019.125,2352.565,122184071.64,95208364.112,G16
2022-11-20 22:15:00,23233654.96,23233656.82,3006.796,2342.958,122093682.151,95137930.708,G16
2022-11-20 22:15:30,23216523.68,23216526.22,2994.743,2333.566,122003658.685,95067782.565,G16
2022-11-20 22:16:00,23199464.2,23199465.9,2982.374,2323.928,121914004.106,94997921.842,G16
2022-11-20 22:16:30,23182473.6,23182477.04,2969.884,2314.195,121824720.964,94928350.553,G16
2022-11-20 22:17:00,23165553.32,23165556.36,2957.408,2304.474,121735812.483,94859071.202,G16
2022-11-20 22:17:30,23148707.74,23148709.44,2944.961,2294.775,121647280.682,94790085.365,G16
2022-11-20 22:18:00,23131932.68,23131935.92,2932.106,2284.758,121559128.471,94721395.318,G16
2022-11-20 22:18:30,23115229.66,23115233.32,2919.22,2274.717,121471358.385,94653003.047,G16
2022-11-20 22:19:00,23098601.06,23098603.52,2906.475,2264.785,121383973.578,94584910.969,G16
2022-11-20 22:19:30,23082046.3,23082049.14,2893.509,2254.682,121296975.441,94517120.211,G16
2022-11-20 22:20:00,23065565.98,23065568.48,2880.326,2244.41,121210367.466,94449633.48,G16
2022-11-20 22:20:30,23049159.3,23049162.42,2867.395,2234.334,121124152.325,94382452.819,G16
2022-11-20 22:21:00,23032829.38,23032830.76,2854.163,2224.023,121038332.761,94315580.434,G16
2022-11-20 22:21:30,23016572.92,23016576.72,2840.764,2213.582,120952911.224,94249018.197,G16
2022-11-20 22:22:00,23000394.9,23000397.34,2827.185,2203.001,120867890.152,94182768.016,G16
2022-11-20 22:22:30,22984291.4,22984295.5,2813.774,2192.551,120783272.431,94116832.112,G16
2022-11-20 22:23:00,22968266.64,22968270.06,2800.309,2182.059,120699060.443,94051212.385,G16
2022-11-20 22:23:30,22952319.1,22952323.5,2786.592,2171.37,120615256.734,93985910.807,G16
2022-11-20 22:24:00,22936450.38,22936454.26,2772.711,2160.554,120531864.15,93920929.54,G16
2022-11-20 22:24:30,22920660.78,22920663.06,2758.928,2149.814,120448885.183,93856270.602,G16
2022-11-20 22:25:00,22904948.78,22904952.12,2745.122,2139.056,120366322.427,93791935.992,G16
2022-11-20 22:25:30,22889317.6,22889320.24,2731.095,2128.126,120284178.632,93727927.803,G16
2022-11-20 22:26:00,22873767.18,22873769.56,2717.011,2117.152,120202456.073,93664247.884,G16
2022-11-20 22:26:30,22858295.76,22858299.16,2702.879,2106.139,120121157.584,93600898.404,G16
2022-11-20 22:27:00,22842905.58,22842909.46,2688.608,2095.019,120040285.77,93537881.371,G16
2022-11-20 22:27:30,22827598.18,22827601.7,2674.247,2083.829,119959843.114,93475198.776,G16
2022-11-20 22:28:00,22812372.94,22812376.44,2659.906,2072.654,119879832.098,93412852.52,G16
2022-11-20 22:28:30,22797230.26,22797233.62,2645.201,2061.195,119800255.409,93350844.7,G16
2022-11-20 22:29:00,22782170.54,22782173.64,2630.714,2049.907,119721115.268,93289177.06,G16
2022-11-20 22:29:30,22767194.1,22767196.98,2616.103,2038.522,119642414.386,93227851.711,G16
2022-11-20 22:30:00,22752302.96,22752304.96,2601.249,2026.947,119564155.678,93166870.875,G16
2022-11-20 22:30:30,22737494.34,22737497.76,2586.394,2015.372,119486341.107,93106236.12,G16
2022-11-20 22:31:00,22722772.04,22722775.1,2571.45,2003.727,119408973.484,93045949.669,G16
2022-11-20 22:31:30,22708135.08,22708138.22,2556.497,1992.076,119332055.338,92986013.431,G16
2022-11-20 22:32:00,22693583.32,22693585.78,2541.447,1980.349,119255589.062,92926429.324,G16
2022-11-20 22:32:30,22679118.64,22679121.84,2526.114,1968.4,119179577.379,92867199.432,G16
2022-11-20 22:33:00,22664741.3,22664744.88,2510.85,1956.506,119104022.573,92808325.564,G16
2022-11-20 22:33:30,22650450.7,22650454.58,2495.556,1944.589,119028927.383,92749809.815,G16
2022-11-20 22:34:00,22636248.92,22636252.08,2480.02,1932.483,118954293.806,92691653.773,G16
2022-11-20 22:34:30,22622134.58,22622138.04,2464.493,1920.384,118880124.479,92633859.497,G16
2022-11-20 22:35:00,22608109.92,22608113.16,2449.031,1908.336,118806422.105,92576429.067,G16
2022-11-20 22:35:30,22594175.16,22594177.64,2433.211,1896.009,118733189.366,92519364.574,G16
2022-11-20 22:36:00,22580328.06,22580331.34,2417.464,1883.738,118660428.026,92462667.422,G16
2022-11-20 22:36:30,22566572.78,22566575.48,2401.578,1871.36,118588140.533,92406339.494,G16
2022-11-20 22:37:00,22552907.42,22552911.08,2385.728,1859.009,118516329.904,92350383.161,G16
2022-11-20 22:37:30,22539333.84,22539336.16,2369.674,1846.499,118444998.375,92294800.143,G16
2022-11-20 22:38:00,22525850.98,22525854.86,2353.654,1834.016,118374148.132,92239592.156,G16
2022-11-20 22:38:30,22512460.7,22512464.68,2337.494,1821.424,118303781.349,92184760.896,G16
2022-11-20 22:39:00,22499162.32,22499166.1,2321.322,1808.822,118233901.094,92130308.747,G16
2022-11-20 22:39:30,22485958.08,22485961.36,2304.869,1796.002,118164509.136,92076237.075,G16
2022-11-20 22:40:00,22472847.0,22472849.88,2288.579,1783.308,118095608.172,92022548.033,G16
2022-11-20 22:40:30,22459829.4,22459832.32,2271.945,1770.347,118027200.448,91969243.311,G16
2022-11-20 22:41:00,22446906.18,22446909.42,2255.52,1757.548,117959288.495,91916324.906,G16
2022-11-20 22:41:30,22434077.74,22434080.64,2238.815,1744.531,117891874.26,91863794.327,G16
2022-11-20 22:42:00,22421343.32,22421347.64,2222.009,1731.435,117824960.327,91811653.612,G16
2022-11-20 22:42:30,22408706.26,22408709.2,2205.418,1718.507,117758548.952,91759904.478,G16
2022-11-20 22:43:00,22396164.82,22396167.42,2188.391,1705.24,117692642.231,91708548.582,G16
2022-11-20 22:43:30,22383719.7,22383722.92,2171.28,1691.906,117627242.91,91657588.078,G16
2022-11-20 22:44:00,22371372.04,22371374.66,2154.455,1678.796,117562352.899,91607024.427,G16
2022-11-20 22:44:30,22359120.98,22359124.14,2137.499,1665.583,117497974.626,91556859.539,G16
2022-11-20 22:45:00,22346967.98,22346971.24,2120.232,1652.129,117434110.824,91507095.525,G16
2022-11-20 22:45:30,22334912.92,22334916.08,2102.858,1638.591,117370762.724,91457733.367,G16
2022-11-20 22:46:00,22322956.56,22322960.1,2085.636,1625.171,117307933.121,91408775.223,G16
2022-11-20 22:46:30,22311099.54,22311103.0,2068.229,1611.607,117245624.052,91360222.71,G16
2022-11-20 22:47:00,22299342.26,22299345.56,2050.795,1598.022,117183837.739,91312077.537,G16
2022-11-20 22:47:30,22287684.0,22287688.06,2033.311,1584.398,117122576.598,91264341.581,G16
2022-11-20 22:48:00,22276127.24,22276130.88,2015.647,1570.634,117061842.492,91217016.304,G16
2022-11-20 22:48:30,22264671.36,22264674.44,1998.057,1556.928,117001637.932,91170103.657,G16
2022-11-20 22:49:00,22253315.7,22253319.14,1980.182,1542.999,116941964.66,91123605.002,G16
2022-11-20 22:49:30,22242062.18,22242065.24,1962.43,1529.166,116882825.022,91077522.163,G16
2022-11-20 22:50:00,22230910.12,22230913.08,1944.473,1515.174,116824221.208,91031856.853,G16
2022-11-20 22:50:30,22219860.8,22219863.22,1926.629,1501.27,116766155.057,90986610.5,G16
2022-11-20 22:51:00,22208913.7,22208916.64,1908.496,1487.14,116708629.183,90941785.139,G16
2022-11-20 22:51:30,22198069.72,22198073.16,1890.363,1473.01,116651645.357,90897382.166,G16
2022-11-20 22:52:00,22187328.84,22187333.42,1872.282,1458.921,116595205.333,90853402.92,G16
2022-11-20 22:52:30,22176693.14,22176696.66,1853.934,1444.624,116539311.354,90809849.183,G16
2022-11-20 22:53:00,22166161.3,22166164.82,1835.741,1430.447,116483965.541,90766722.582,G16
2022-11-20 22:53:30,22155734.3,22155737.86,1817.312,1416.088,116429170.043,90724024.785,G16
2022-11-20 22:54:00,22145411.8,22145415.08,1798.855,1401.705,116374926.582,90681757.157,G16
2022-11-20 22:54:30,22135195.34,22135198.22,1780.342,1387.28,116321237.24,90639921.31,G16
2022-11-20 22:55:00,22125084.16,22125087.82,1761.719,1372.768,116268104.399,90598519.086,G16
2022-11-20 22:55:30,22115079.76,22115082.68,1743.14,1358.291,116215529.585,90557551.701,G16
2022-11-20 22:56:00,22105181.34,22105184.72,1724.562,1343.814,116163514.64,90517020.574,G16
2022-11-20 22:56:30,22095390.4,22095393.48,1705.736,1329.145,116112061.531,90476927.245,G16
2022-11-20 22:57:00,22085706.2,22085709.56,1686.867,1314.442,116061172.377,90437273.353,G16
2022-11-20 22:57:30,22076130.34,22076133.42,1668.072,1299.796,116010848.899,90398060.263,G16
2022-11-20 22:58:00,22066662.14,22066664.8,1649.031,1284.96,115961092.975,90359289.417,G16
2022-11-20 22:58:30,22057302.36,22057305.58,1630.109,1270.215,115911906.358,90320962.192,G16
2022-11-20 22:59:00,22048051.22,22048054.08,1610.906,1255.252,115863291.4,90283080.414,G16
2022-11-20 22:59:30,22038909.1,22038912.38,1591.865,1240.414,115815249.487,90245645.153,G16
2022-11-20 23:00:00,22029876.5,22029879.54,1572.601,1225.403,115767782.212,90208657.669,G16
2022-11-20 23:00:30,22020953.24,22020956.34,1553.441,1210.473,115720891.62,90172119.557,G16
2022-11-20 23:01:00,22012140.26,22012143.08,1533.988,1195.315,115674579.644,90136032.309,G16
2022-11-20 23:01:30,22003437.56,22003440.78,1514.694,1180.281,115628847.675,90100397.016,G16
2022-11-20 23:02:00,21994846.14,21994849.38,1495.235,1165.118,115583697.624,90065215.163,G16
2022-11-20 23:02:30,21986365.16,21986368.5,1475.755,1149.939,115539131.36,90030488.228,G16
2022-11-20 23:03:00,21977995.68,21977998.6,1456.348,1134.816,115495150.541,89996217.463,G16
2022-11-20 23:03:30,21969738.56,21969741.76,1436.635,1119.456,115451756.445,89962403.875,G16
2022-11-20 23:04:00,21961592.76,21961595.08,1416.902,1104.079,115408951.154,89929049.111,G16
2022-11-20 23:04:30,21953559.9,21953562.62,1397.276,1088.786,115366735.964,89896154.16,G16
2022-11-20 23:05:00,21945638.68,21945642.38,1377.534,1073.403,115325112.794,89863720.525,G16
2022-11-20 23:05:30,21937831.46,21937834.14,1357.76,1057.994,115284083.048,89831749.299,G16
2022-11-20 23:06:00,21930136.78,21930139.64,1337.947,1042.556,115243648.391,89800241.761,G16
2022-11-20 23:06:30,21922555.84,21922558.76,1318.131,1027.115,115203810.206,89769199.017,G16
2022-11-20 23:07:00,21915088.64,21915091.84,1298.024,1011.447,115164570.354,89738622.501,G16
2022-11-20 23:07:30,21907735.58,21907738.6,1278.005,995.848,115125930.241,89708513.312,G16
2022-11-20 23:08:00,21900497.12,21900499.84,1257.891,980.175,115087891.039,89678872.388,G16
2022-11-20 23:08:30,21893373.26,21893375.98,1237.819,964.534,115050454.545,89649701.091,G16
2022-11-20 23:09:00,21886364.5,21886367.36,1217.615,948.791,115013622.096,89621000.474,G16
2022-11-20 23:09:30,21879470.48,21879473.44,1197.365,933.012,114977395.15,89592771.683,G16
2022-11-20 23:10:00,21872692.06,21872695.26,1177.178,917.282,114941775.422,89565016.056,G16
2022-11-20 23:10:30,21866029.68,21866033.2,1156.85,901.442,114906763.961,89537734.386,G16
2022-11-20 23:11:00,21859483.06,21859486.42,1136.538,885.614,114872361.979,89510927.657,G16
2022-11-20 23:11:30,21853053.22,21853056.38,1116.179,869.75,114838571.007,89484597.041,G16
2022-11-20 23:12:00,21846739.36,21846742.5,1095.674,853.772,114805392.411,89458743.601,G16
2022-11-20 23:12:30,21840542.4,21840545.96,1075.224,837.837,114772827.571,89433368.417,G16
2022-11-20 23:13:00,21834462.38,21834465.36,1054.76,821.891,114740877.586,89408472.323,G16
2022-11-20 23:13:30,21828500.12,21828503.34,1034.273,805.927,114709543.846,89384056.428,G16
2022-11-20 23:14:00,21822654.76,21822658.0,1013.431,789.686,114678827.693,89360121.774,G16
2022-11-20 23:14:30,21816927.66,21816930.2,992.911,773.697,114648730.129,89336669.128,G16
2022-11-20 23:15:00,21811318.28,21811320.94,972.218,757.572,114619252.278,89313699.362,G16
2022-11-20 23:15:30,21805827.4,21805830.04,951.391,741.343,114590395.473,89291213.544,G16
2022-11-20 23:16:00,21800453.82,21800456.92,930.707,725.227,114562160.853,89269212.55,G16
2022-11-20 23:16:30,21795199.72,21795202.74,909.939,709.044,114534549.628,89247697.315,G16
2022-11-20 23:17:00,21790064.64,21790067.36,889.169,692.859,114507562.858,89226668.672,G16
2022-11-20 23:17:30,21785048.14,21785051.22,868.247,676.556,114481201.464,89206127.336,G16
2022-11-20 23:18:00,21780150.7,21780153.86,847.34,660.265,114455466.688,89186074.262,G16
2022-11-20 23:18:30,21775373.1,21775376.3,826.331,643.894,114430359.406,89166510.156,G16
2022-11-20 23:19:00,21770714.6,21770718.4,805.443,627.618,114405880.654,89147435.81,G16
2022-11-20 23:19:30,21766176.58,21766179.54,784.474,611.278,114382031.535,89128852.081,G16
2022-11-20 23:20:00,21761758.06,21761761.4,763.439,594.887,114358812.986,89110759.711,G16
2022-11-20 23:20:30,21757460.1,21757463.12,742.416,578.506,114336225.876,89093159.368,G16
2022-11-20 23:21:00,21753282.32,21753285.46,721.296,562.049,114314271.0,89076051.679,G16
2022-11-20 23:21:30,21749224.94,21749227.94,700.095,545.528,114292949.566,89059437.587,G16
2022-11-20 23:22:00,21745288.18,21745291.4,678.939,529.043,114272262.425,89043317.728,G16
2022-11-20 23:22:30,21741472.52,21741475.34,657.861,512.619,114252210.169,89027692.598,G16
2022-11-20 23:23:00,21737777.5,21737780.54,636.69,496.122,114232793.712,89012562.882,G16
2022-11-20 23:23:30,21734203.86,21734206.6,615.377,479.515,114214013.77,88997929.166,G16
2022-11-20 23:24:00,21730751.62,21730754.36,593.956,462.823,114195871.302,88983792.186,G16
2022-11-20 23:24:30,21727420.64,21727423.34,572.816,446.35,114178366.944,88970152.422,G16
2022-11-20 23:25:00,21724210.54,21724214.04,551.548,429.778,114161501.365,88957010.417,G16
2022-11-20 23:25:30,21721123.08,21721126.6,530.164,413.115,114145275.434,88944366.828,G16
2022-11-20 23:26:00,21718157.22,21718160.62,508.805,396.472,114129689.632,88932222.058,G16
2022-11-20 23:26:30,21715313.44,21715316.5,487.449,379.83,114114744.739,88920576.683,G16
2022-11-20 23:27:00,21712591.52,21712594.66,466.039,363.147,114100441.203,88909431.072,G16
2022-11-20 23:27:30,21709991.76,21709995.04,444.81,346.605,114086779.808,88898785.823,G16
2022-11-20 23:28:00,21707514.72,21707517.52,423.166,329.74,114073761.201,88888641.454,G16
2022-11-20 23:28:30,21705159.7,21705162.7,401.789,313.082,114061385.701,88878998.207,G16
2022-11-20 23:29:00,21702927.28,21702929.9,380.242,296.292,114049653.881,88869856.531,G16
2022-11-20 23:29:30,21700817.32,21700820.44,358.8,279.585,114038566.219,88861216.792,G16
2022-11-20 23:30:00,21698830.14,21698832.98,337.347,262.868,114028123.241,88853079.405,G16
2022-11-20 23:30:30,21696965.64,21696968.54,315.877,246.138,114018325.446,88845444.753,G16
2022-11-20 23:31:00,21695224.02,21695226.84,294.293,229.319,114009173.224,88838313.151,G16
2022-11-20 23:31:30,21693605.56,21693607.9,272.713,212.504,114000667.0,88831684.919,G16
2022-11-20 23:32:00,21692109.42,21692112.48,251.27,195.795,113992807.03,88825560.257,G16
2022-11-20 23:32:30,21690736.98,21690739.62,229.666,178.961,113985593.543,88819939.36,G16
2022-11-20 23:33:00,21689487.5,21689490.22,208.065,162.129,113979027.266,88814822.77,G16
2022-11-20 23:33:30,21688360.62,21688364.12,186.408,145.253,113973108.223,88810210.529,G16
2022-11-20 23:34:00,21687357.92,21687360.42,164.927,128.514,113967836.605,88806102.756,G16
2022-11-20 23:34:30,21686478.2,21686480.76,143.328,111.684,113963212.925,88802499.887,G16
2022-11-20 23:35:00,21685721.7,21685724.22,121.68,94.816,113959236.965,88799401.736,G16
2022-11-20 23:35:30,21685088.36,21685091.22,100.112,78.009,113955909.196,88796808.655,G16
2022-11-20 23:36:00,21684578.3,21684581.08,78.555,61.212,113953229.863,88794720.853,G16
2022-11-20 23:36:30,21684191.72,21684194.8,56.981,44.401,113951198.981,88793138.339,G16
2022-11-20 23:37:00,21683928.9,21683931.84,35.204,27.431,113949816.807,88792061.314,G16
2022-11-20 23:37:30,21683789.08,21683792.66,13.61,10.605,113949083.236,88791489.686,G16
2022-11-20 23:38:00,21683773.12,21683776.04,-8.03,-6.257,113948998.091,88791423.331,G16
2022-11-20 23:38:30,21683880.44,21683883.44,-29.578,-23.048,113949562.001,88791862.738,G16
2022-11-20 23:39:00,21684110.94,21684114.0,-51.166,-39.869,113950774.564,88792807.592,G16
2022-11-20 23:39:30,21684465.22,21684468.6,-72.892,-56.799,113952635.855,88794257.932,G16
2022-11-20 23:40:00,21684942.88,21684946.02,-94.506,-73.641,113955145.797,88796213.729,G16
2022-11-20 23:40:30,21685543.94,21685547.16,-116.051,-90.43,113958304.365,88798674.938,G16
2022-11-20 23:41:00,21686268.2,21686271.4,-137.728,-107.32,113962111.357,88801641.407,G16
2022-11-20 23:41:30,21687116.2,21687119.28,-159.265,-124.103,113966566.736,88805113.121,G16
2022-11-20 23:42:00,21688087.44,21688090.64,-180.921,-140.977,113971670.542,88809090.099,G16
2022-11-20 23:42:30,21689181.94,21689185.16,-202.534,-157.818,113977422.404,88813572.069,G16
2022-11-20 23:43:00,21690399.64,21690402.8,-224.093,-174.618,113983821.9,88818558.673,G16
2022-11-20 23:43:30,21691740.44,21691743.98,-245.739,-191.485,113990869.013,88824049.921,G16
2022-11-20 23:44:00,21693204.86,21693208.44,-267.239,-208.239,113998563.551,88830045.645,G16
2022-11-20 23:44:30,21694792.16,21694795.46,-288.727,-224.982,114006904.985,88836545.445,G16
2022-11-20 23:45:00,21696502.86,21696506.04,-310.342,-241.825,114015893.263,88843549.292,G16
2022-11-20 23:45:30,21698336.14,21698339.58,-331.946,-258.659,114025528.1,88851056.945,G16
2022-11-20 23:46:00,21700292.6,21700295.68,-353.501,-275.455,114035808.991,88859068.008,G16
2022-11-20 23:46:30,21702372.2,21702375.24,-375.005,-292.212,114046735.518,88867582.173,G16
2022-11-20 23:47:00,21704574.14,21704577.04,-396.459,-308.929,114058307.301,88876599.14,G16
2022-11-20 23:47:30,21706899.06,21706901.98,-417.922,-325.653,114070523.929,88886118.589,G16
2022-11-20 23:48:00,21709346.16,21709349.34,-439.425,-342.409,114083385.0,88896140.196,G16
2022-11-20 23:48:30,21711916.0,21711919.0,-460.839,-359.096,114096889.887,88906663.468,G16
2022-11-20 23:49:00,21714608.12,21714611.74,-482.227,-375.762,114111038.035,88917687.991,G16
2022-11-20 23:49:30,21717423.0,21717426.12,-503.807,-392.577,114125828.968,88929213.387,G16
2022-11-20 23:50:00,21720359.74,21720362.94,-525.147,-409.206,114141262.027,88941239.154,G16
2022-11-20 23:50:30,21723418.74,21723421.86,-546.41,-425.774,114157336.757,88953764.914,G16
2022-11-20 23:51:00,21726599.66,21726602.84,-567.942,-442.552,114174052.368,88966790.049,G16
2022-11-20 23:51:30,21729902.26,21729905.64,-589.228,-459.139,114191408.384,88980314.211,G16
2022-11-20 23:52:00,21733326.84,21733330.12,-610.581,-475.777,114209404.137,88994336.865,G16
2022-11-20 23:52:30,21736873.1,21736876.12,-631.916,-492.402,114228038.764,89008857.331,G16
2022-11-20 23:53:00,21740540.22,21740543.64,-653.038,-508.861,114247311.846,89023875.302,G16
2022-11-20 23:53:30,21744329.6,21744332.56,-674.272,-525.407,114267222.479,89039390.063,G16
2022-11-20 23:54:00,21748239.38,21748242.42,-695.54,-541.979,114287769.87,89055400.999,G16
2022-11-20 23:54:30,21752270.16,21752273.72,-716.773,-558.525,114308953.052,89071907.364,G16
2022-11-20 23:55:00,21756422.48,21756425.38,-737.842,-574.941,114330771.326,89088908.606,G16
2022-11-20 23:55:30,21760694.82,21760698.24,-758.922,-591.368,114353223.793,89106404.025,G16
2022-11-20 23:56:00,21765087.64,21765091.16,-780.017,-607.806,114376309.658,89124392.999,G16
2022-11-20 23:56:30,21769601.36,21769604.66,-801.111,-624.242,114400027.914,89142874.742,G16
2022-11-20 23:57:00,21774235.06,21774238.24,-822.18,-640.66,114424377.704,89161848.592,G16
2022-11-20 23:57:30,21778988.56,21778991.68,-843.238,-657.068,114449357.98,89181313.73,G16
2022-11-20 23:58:00,21783862.12,21783864.98,-864.108,-673.331,114474967.749,89201269.37,G16
2022-11-20 23:58:30,21788855.0,21788858.24,-885.026,-689.631,114501206.467,89221715.105,G16
2022-11-20 23:59:00,21793967.72,21793970.46,-905.949,-705.935,114528072.712,89242649.82,G16
2022-11-20 23:59:30,21799199.28,21799202.26,-926.788,-722.172,114555565.463,89264072.722,G16
